url_path,views_total,views_unique
/Project-MONAI/MONAI,2442,1455
/Project-MONAI/MONAI/tree/dev/monai,2174,485
/Project-MONAI/MONAI/tree/dev/monai/networks,666,173
/Project-MONAI/MONAI/tree/dev/monai/networks/nets,609,149
/Project-MONAI/MONAI/issues,568,178
/Project-MONAI/MONAI/tree/dev/monai/transforms,406,86
/Project-MONAI/MONAI/blob/dev/monai/networks/nets/swin_unetr.py,352,69
/Project-MONAI/MONAI/tree/dev/monai/networks/blocks,233,53
/project-monai/monai,223,152
/Project-MONAI/MONAI/blob/dev/CONTRIBUTING.md,200,57
